ilce_adi,mahalle_adi,mahalle_koy_uavt,cok_agir_hasarli_bina_sayisi,agir_hasarli_bina_sayisi,orta_hasarli_bina_sayisi,hafif_hasarli_bina_sayisi,can_kaybi_sayisi,agir_yarali_sayisi,hastanede_tedavi_sayisi,hafif_yarali_sayisi,dogalgaz_boru_hasari,icme_suyu_boru_sayisi,atik_su_boru_hasari,gecici_barinma
ADALAR,BURGAZADA,40139,54,99,256,241,8,6,24,42,0,0,1,398
ADALAR,HEYBELIADA,40142,101,175,423,393,25,21,66,113,1,1,2,763
ADALAR,KINALIADA,40143,53,97,287,302,5,3,15,27,0,1,1,420
ADALAR,MADEN,40140,104,192,483,484,22,18,64,113,1,1,2,847
ADALAR,NIZAM,40141,101,180,445,422,16,13,48,83,1,2,2,687
ARNAVUTKOY,ADNAN MENDERES,40490,1,3,21,57,0,0,1,3,0,0,0,89
ARNAVUTKOY,ANADOLU,99359,2,13,108,371,0,0,8,26,1,1,1,659
ARNAVUTKOY,ARNAVUTKOY MERKEZ,40478,1,6,51,199,0,0,2,10,0,1,1,273
ARNAVUTKOY,ATATURK,40482,1,6,49,129,0,0,2,8,0,0,0,209
ARNAVUTKOY,BAKLALI,191981,1,5,23,65,0,0,0,0,0,0,0,26
ARNAVUTKOY,BALABAN,191983,0,1,7,25,0,0,0,0,0,0,0,7
ARNAVUTKOY,BOGAZKOY ISTIKLAL,40483,2,14,95,249,0,0,3,10,0,1,1,246
ARNAVUTKOY,BOLLUCA,40487,1,6,46,125,0,0,1,5,0,0,0,177
ARNAVUTKOY,BOYALIK,191985,1,4,21,63,0,0,0,0,0,0,0,24
ARNAVUTKOY,CILINGIR,40494,1,5,28,76,0,0,0,0,0,0,0,38
ARNAVUTKOY,DELIKLIKAYA,40910,1,7,50,120,0,0,0,2,1,1,1,173
ARNAVUTKOY,DURSUNKOY,40911,1,5,18,45,0,0,0,1,0,0,0,22
ARNAVUTKOY,DURUSU,40915,0,2,10,30,0,0,0,0,0,0,0,16
ARNAVUTKOY,FATIH,40495,1,4,21,59,0,0,0,1,0,0,0,51
ARNAVUTKOY,HACIMASLI,191975,0,3,16,41,0,0,0,0,0,0,0,20
ARNAVUTKOY,HADIMKOY,40913,1,7,63,203,0,0,0,4,1,1,1,387
ARNAVUTKOY,HARACCI,40489,2,12,82,230,0,0,0,4,1,1,1,209
ARNAVUTKOY,HASTANE,40912,1,6,45,147,0,0,0,5,0,0,0,148
ARNAVUTKOY,HICRET,40486,0,3,24,61,0,0,0,2,0,0,0,91
ARNAVUTKOY,IMRAHOR,40481,3,17,96,255,0,0,2,11,1,1,1,301
ARNAVUTKOY,ISLAMBEY,40479,2,11,88,268,0,0,4,18,1,0,1,395
ARNAVUTKOY,KARABURUN,191987,0,3,32,112,0,0,0,0,0,0,0,34
ARNAVUTKOY,KARLIBAYIR,40488,2,9,60,186,0,0,1,8,0,0,1,188
ARNAVUTKOY,MARESAL FEVZI CAKMAK,40493,1,6,50,141,0,0,0,1,0,1,1,115
ARNAVUTKOY,MAVIGOL,40485,1,6,53,146,0,0,0,3,0,0,0,146
ARNAVUTKOY,MEHMET AKIF ERSOY,40491,1,4,26,73,0,0,0,3,0,0,1,132
ARNAVUTKOY,MUSTAFA KEMAL PASA,99358,1,7,53,161,0,0,3,11,0,0,1,254
ARNAVUTKOY,NENEHATUN,99357,1,5,43,124,0,0,0,7,0,0,1,180
ARNAVUTKOY,OMERLI,40906,1,7,49,124,0,0,0,3,1,0,0,189
ARNAVUTKOY,SAZLIBOSNA,40907,0,5,26,68,0,0,0,1,0,0,0,46
ARNAVUTKOY,TASOLUK,40492,1,6,44,122,0,0,1,6,0,0,1,120
ARNAVUTKOY,TAYAKADIN,191977,3,12,57,162,0,0,0,1,0,0,0,92
ARNAVUTKOY,TERKOS,40914,1,4,19,58,0,0,0,0,0,0,0,22
ARNAVUTKOY,YASSIOREN,191989,0,1,12,41,0,0,0,0,0,0,0,11
ARNAVUTKOY,YAVUZ SELIM,40480,2,9,64,180,0,0,1,9,0,0,1,250
ARNAVUTKOY,YENIKOY,191979,1,5,39,121,0,0,0,0,0,1,1,43
ARNAVUTKOY,YESILBAYIR,40908,1,4,27,69,0,0,0,0,0,0,0,29
ARNAVUTKOY,YUNUS EMRE,40484,1,10,88,244,0,0,5,16,0,0,1,403
ATASEHIR,ASIKVEYSEL,98687,5,18,102,266,4,3,12,26,0,0,0,465
ATASEHIR,ATATURK,99749,2,12,76,209,2,0,11,30,0,1,1,706
ATASEHIR,BARBAROS,40527,14,50,248,498,11,9,42,88,1,1,2,1281
ATASEHIR,ESATPASA,40793,5,20,140,422,3,1,14,33,0,0,1,598
ATASEHIR,FERHATPASA,40577,4,26,191,493,0,0,5,26,1,1,2,784
ATASEHIR,FETIH,40795,1,3,26,102,1,0,3,7,0,0,0,203
ATASEHIR,ICERENKOY,40530,23,76,465,1180,19,8,61,133,1,1,3,2792
ATASEHIR,INONU,40534,4,17,115,392,2,0,14,36,0,0,1,775
ATASEHIR,KAYISDAGI,40533,10,52,352,785,7,2,31,76,1,1,2,1930
ATASEHIR,KUCUKBAKKALKOY,40531,13,41,200,501,11,6,35,71,1,1,2,1284
ATASEHIR,MEVLANA,99516,1,8,64,188,2,0,7,20,0,0,0,470
ATASEHIR,MIMAR SINAN,99519,2,13,81,203,1,0,7,18,0,0,0,370
ATASEHIR,MUSTAFA KEMAL,40740,8,28,145,345,6,4,18,40,0,0,1,643
ATASEHIR,ORNEK,40816,9,31,181,463,7,4,25,54,0,0,1,966
ATASEHIR,YENI CAMLICA,40746,5,24,152,319,3,1,11,28,0,0,1,630
ATASEHIR,YENISAHRA,40526,17,51,205,397,10,9,32,64,0,0,1,671
ATASEHIR,YENISEHIR,99517,0,1,13,70,0,0,2,5,1,1,0,134
AVCILAR,AMBARLI,40146,26,105,388,634,67,35,191,364,2,2,7,3699
AVCILAR,CIHANGIR,40148,37,169,688,1171,87,46,252,496,3,4,9,5464
AVCILAR,DENIZKOSKLER,40147,33,138,516,843,74,39,212,409,2,3,7,4086
AVCILAR,FIRUZKOY,40152,19,150,676,1005,18,7,61,135,2,2,7,2073
AVCILAR,GUMUSPALA,40151,27,115,446,750,63,34,184,353,2,2,6,3833
AVCILAR,MERKEZ,40145,17,64,253,471,44,23,124,241,1,1,4,2751
AVCILAR,MUSTAFA KEMALPASA,40150,21,91,416,821,47,25,134,274,1,2,4,3863
AVCILAR,TAHTAKALE,40154,5,52,321,658,3,1,26,76,1,1,1,2247
AVCILAR,UNIVERSITE,40149,12,64,276,480,19,9,55,113,1,1,4,1617
AVCILAR,YESILKENT,40153,36,313,1565,2452,43,20,146,338,4,4,5,5308
BAGCILAR,100. YIL,40176,6,22,186,665,7,3,25,61,0,0,1,1233
BAGCILAR,BAGLAR,40155,36,86,315,455,33,19,90,165,1,1,3,3267
BAGCILAR,BARBAROS,40157,36,74,273,453,50,28,133,242,0,1,2,2646
BAGCILAR,CINAR,40163,45,86,360,720,82,45,215,390,1,1,2,2548
BAGCILAR,DEMIRKAPI,40171,43,108,509,1013,71,39,192,368,1,1,3,3443
BAGCILAR,EVREN,40169,54,144,657,1233,70,38,190,367,1,2,4,3236
BAGCILAR,FATIH,40172,25,62,334,808,40,21,107,208,1,1,2,2332
BAGCILAR,FEVZI CAKMAK,40173,27,64,311,673,44,24,118,224,1,1,2,2593
BAGCILAR,GOZTEPE,40175,19,53,287,683,25,15,71,144,1,1,2,1930
BAGCILAR,GUNESLI,40168,47,114,507,961,71,39,190,358,1,1,3,4189
BAGCILAR,HURRIYET,40156,49,99,367,570,65,35,171,307,1,1,2,2802
BAGCILAR,INONU,40159,46,90,326,525,64,38,169,304,0,1,2,2718
BAGCILAR,KAZIM KARABEKIR,40158,46,94,360,607,66,38,174,316,1,1,2,3061
BAGCILAR,KEMALPASA,40174,20,50,284,682,30,16,81,160,0,0,1,2045
BAGCILAR,KIRAZLI,40166,51,119,501,902,76,42,203,380,1,1,3,4099
BAGCILAR,MAHMUTBEY,40170,47,144,694,1236,39,23,110,209,1,2,5,1740
BAGCILAR,MERKEZ,40162,26,52,221,434,52,28,137,251,1,0,2,2323
BAGCILAR,SANCAKTEPE,40164,23,49,215,419,35,19,92,171,0,1,2,1620
BAGCILAR,YAVUZ SELIM,40165,30,69,298,568,47,26,125,234,1,1,2,2432
BAGCILAR,YENIGUN,40161,24,43,186,373,54,29,138,250,0,0,2,2068
BAGCILAR,YENIMAHALLE,40167,29,73,332,634,48,26,128,242,1,1,2,2821
BAGCILAR,YILDIZTEPE,40160,67,130,478,783,110,61,289,518,1,1,3,4367
BAHCELIEVLER,BAHCELIEVLER,40177,81,147,488,752,185,99,480,838,2,3,6,6193
BAHCELIEVLER,CUMHURIYET,40181,47,87,362,680,97,53,254,459,1,1,3,3989
BAHCELIEVLER,COBANCESME,40184,62,125,469,751,83,44,217,393,2,2,4,3437
BAHCELIEVLER,FEVZI CAKMAK,40185,37,71,276,470,70,36,180,326,1,1,2,2848
BAHCELIEVLER,HURRIYET,40187,56,105,432,757,128,69,335,601,1,1,4,4906
BAHCELIEVLER,KOCASINAN MERKEZ,40182,71,151,611,1088,148,83,394,723,2,2,6,6969
BAHCELIEVLER,SIYAVUSPASA,40179,88,143,521,922,220,117,567,989,1,2,4,6781
BAHCELIEVLER,SOGANLI,40180,74,126,537,1059,189,101,491,875,1,2,4,6850
BAHCELIEVLER,SIRINEVLER,40178,105,171,592,945,230,122,592,1028,2,2,6,6563
BAHCELIEVLER,YENIBOSNA MERKEZ,40183,74,162,553,796,71,41,193,352,2,3,7,3588
BAHCELIEVLER,ZAFER,40186,101,202,827,1466,212,114,558,1015,2,2,6,9075
BAKIRKOY,ATAKOY 1. KISIM,40202,6,10,24,32,12,6,31,52,1,0,1,204
BAKIRKOY,ATAKOY 2-5-6. KISIM,40194,16,27,61,77,68,36,176,295,1,1,2,1760
BAKIRKOY,ATAKOY 3-4-11. KISIM,40201,18,30,75,89,43,23,110,185,1,1,2,1131
BAKIRKOY,ATAKOY 7-8-9-10. KISIM,40196,16,38,126,199,63,33,165,291,1,1,4,2371
BAKIRKOY,BASINKOY,40200,62,93,200,167,47,35,123,208,1,1,4,1114
BAKIRKOY,CEVIZLIK,40192,39,63,188,271,29,16,74,127,0,1,1,663
BAKIRKOY,KARTALTEPE,40197,82,132,393,567,166,89,424,725,1,2,4,4460
BAKIRKOY,OSMANIYE,40188,44,83,259,349,87,47,225,391,1,1,3,2766
BAKIRKOY,SAKIZAGACI,40191,34,50,131,176,41,23,104,176,0,0,1,1092
BAKIRKOY,SENLIKKOY,40199,110,234,593,488,122,68,324,561,3,3,8,4483
BAKIRKOY,YENIMAHALLE,40190,34,50,132,186,42,23,108,182,0,0,1,894
BAKIRKOY,YESILKOY,40189,201,310,696,621,161,92,413,695,3,4,11,3776
BAKIRKOY,YESILYURT,40195,25,38,95,99,35,19,91,154,1,1,2,1025
BAKIRKOY,ZEYTINLIK,40193,30,49,152,228,27,15,70,121,0,0,1,678
BAKIRKOY,ZUHURATBABA,40198,65,99,269,390,103,56,263,447,1,1,3,2493
BASAKSEHIR,ALTINSEHIR,40598,10,42,199,374,8,6,28,61,0,0,1,945
BASAKSEHIR,BAHCESEHIR 1. KISIM,40871,5,44,278,549,1,0,11,33,0,1,2,1151
BASAKSEHIR,BAHCESEHIR 2. KISIM,40872,11,57,311,738,16,7,53,115,1,2,2,1613
BASAKSEHIR,BASAK,40357,1,8,66,225,1,0,7,24,1,1,1,1000
BASAKSEHIR,BASAKSEHIR,40581,1,3,21,115,1,0,6,18,0,0,1,522
BASAKSEHIR,GUVERCINTEPE,40597,26,115,573,1173,21,16,80,183,1,1,3,3188
BASAKSEHIR,KAYABASI,40583,4,18,91,261,2,1,9,27,1,1,1,1580
BASAKSEHIR,SAHINTEPE,40584,29,128,615,1197,11,8,54,125,1,1,2,2380
BASAKSEHIR,SAMLAR,191991,1,7,36,88,0,0,0,0,0,0,1,53
BASAKSEHIR,ZIYA GOKALP,40585,27,153,787,1523,10,7,39,84,1,2,6,965
BAYRAMPASA,ALTINTEPSI,40207,68,135,483,826,60,37,161,291,1,1,2,2839
BAYRAMPASA,CEVATPASA,40203,18,43,175,384,18,12,51,98,0,0,1,1214
BAYRAMPASA,ISMET PASA,40209,50,86,260,442,41,28,108,191,0,0,1,1510
BAYRAMPASA,KARTALTEPE,40211,68,137,483,1025,67,45,180,331,1,1,2,3056
BAYRAMPASA,KOCATEPE,40212,26,55,233,468,30,17,82,154,1,1,2,1653
BAYRAMPASA,MURATPASA,40213,116,202,589,1008,93,63,245,435,1,1,2,3394
BAYRAMPASA,ORTAMAHALLE,40204,57,107,334,533,40,27,106,189,0,1,1,1588
BAYRAMPASA,TERAZIDERE,40206,52,98,309,530,34,24,93,167,0,1,2,1509
BAYRAMPASA,VATAN,40205,36,72,229,366,22,16,60,108,0,0,1,1053
BAYRAMPASA,YENIDOGAN,40208,57,104,345,582,46,29,122,217,0,1,2,1765
BAYRAMPASA,YILDIRIM,40210,66,143,619,1251,69,42,186,348,1,1,3,3483
BESIKTAS,ABBASAGA,40219,2,6,31,111,1,1,4,9,0,0,0,136
BESIKTAS,AKAT,40234,3,11,73,220,1,1,5,14,0,0,1,329
BESIKTAS,ARNAVUTKOY,40231,1,7,52,164,0,0,0,4,0,0,0,90
BESIKTAS,BALMUMCU,40223,1,3,24,67,0,0,1,3,0,0,0,84
BESIKTAS,BEBEK,40232,2,6,46,143,0,0,2,5,0,0,0,114
BESIKTAS,CIHANNUMA,40217,3,7,35,110,2,1,5,10,0,0,0,119
BESIKTAS,DIKILITAS,40221,2,4,25,135,2,1,7,16,0,0,0,207
BESIKTAS,ETILER,40233,1,4,44,137,0,0,2,8,0,0,0,201
BESIKTAS,GAYRETTEPE,40222,1,3,17,93,1,0,6,13,0,0,0,178
BESIKTAS,KONAKLAR,40236,1,4,28,106,0,0,4,10,0,0,1,230
BESIKTAS,KURUCESME,40228,1,6,38,116,0,0,0,3,0,0,0,74
BESIKTAS,KULTUR,40229,0,2,17,65,0,0,1,2,0,0,0,64
BESIKTAS,LEVAZIM,40226,0,1,7,40,0,0,1,4,0,0,0,74
BESIKTAS,LEVENT,40235,2,8,95,248,0,0,1,4,1,1,1,105
BESIKTAS,MECIDIYE,40224,11,32,127,293,6,4,17,38,0,0,0,525
BESIKTAS,MURADIYE,40216,1,2,12,66,1,0,3,6,0,0,0,69
BESIKTAS,NISBETIYE,40230,1,2,21,103,0,0,2,7,0,0,0,143
BESIKTAS,ORTAKOY,40225,7,20,96,239,2,2,9,20,0,0,1,366
BESIKTAS,SINANPASA,40215,8,18,71,169,4,2,10,18,0,0,0,147
BESIKTAS,TURKALI,40218,6,14,62,190,4,2,10,21,0,0,0,333
BESIKTAS,ULUS,40227,1,3,23,88,0,0,1,5,0,0,0,125
BESIKTAS,VISNEZADE,40214,5,13,54,170,1,0,4,11,0,1,1,214
BESIKTAS,YILDIZ,40220,4,11,55,168,1,0,4,9,1,0,1,169
BEYKOZ,ACARLAR,40250,1,8,89,295,0,0,0,0,1,0,0,109
BEYKOZ,AKBABA,191701,0,2,18,66,0,0,0,0,0,0,0,33
BEYKOZ,ALIBAHADIR,191703,1,2,14,40,0,0,0,0,0,0,0,19
BEYKOZ,ANADOLU FENERI,191705,0,2,15,48,0,0,0,0,0,0,0,18
BEYKOZ,ANADOLU HISARI,40243,3,10,67,145,0,0,2,5,0,0,0,27
BEYKOZ,ANADOLU KAVAGI,40256,1,3,16,49,0,0,0,1,0,0,0,102
BEYKOZ,BAKLACI,40257,1,8,64,171,0,0,0,0,1,1,1,95
BEYKOZ,BOZHANE,191725,1,3,13,36,0,0,0,0,0,0,0,15
BEYKOZ,CUMHURIYET,191727,1,5,28,84,0,0,0,1,0,0,0,41
BEYKOZ,CAMLIBAHCE,40253,10,26,122,224,4,3,14,27,0,0,1,356
BEYKOZ,CENGELDERE,40258,1,7,58,172,0,0,0,0,0,1,1,108
BEYKOZ,CIFTLIK,40259,1,7,61,172,0,0,0,0,0,0,1,120
BEYKOZ,CIGDEM,40240,1,6,59,199,0,0,0,5,0,0,0,152
BEYKOZ,CUBUKLU,40241,9,34,185,495,3,3,13,33,1,1,1,483
BEYKOZ,DERESEKI,191709,0,2,19,66,0,0,0,0,0,0,0,23
BEYKOZ,ELMALI,191711,1,4,34,106,0,0,0,0,0,0,0,48
BEYKOZ,FATIH,40260,0,4,31,91,0,0,0,1,0,0,0,83
BEYKOZ,GOKSU,40244,5,15,80,149,1,0,6,13,0,0,1,140
BEYKOZ,GOLLU,191729,0,1,7,19,0,0,0,0,0,0,0,8
BEYKOZ,GORELE,191713,1,4,32,91,0,0,0,0,0,0,0,50
BEYKOZ,GOZTEPE,40246,4,15,90,209,1,0,5,12,0,0,1,295
BEYKOZ,GUMUSSUYU,40237,9,34,176,469,1,1,8,21,0,1,1,357
BEYKOZ,INCIRKOY,40238,5,20,149,416,1,1,5,15,0,0,1,368
BEYKOZ,ISHAKLI,191731,1,4,26,78,0,0,0,0,0,0,0,29
BEYKOZ,KANLICA,40242,1,5,42,119,0,0,0,3,0,0,0,97
BEYKOZ,KAVACIK,40247,7,23,134,381,2,1,13,31,0,1,1,545
BEYKOZ,KAYNARCA,191715,0,1,8,25,0,0,0,0,0,0,0,12
BEYKOZ,KILICLI,191733,0,1,11,36,0,0,0,0,0,0,0,11
BEYKOZ,MAHMUTSEVKETPASA,191723,1,5,31,93,0,0,0,0,0,0,0,40
BEYKOZ,MERKEZ,40251,0,2,33,122,0,0,0,1,0,0,0,63
BEYKOZ,ORTACESME,40254,4,13,83,202,2,1,5,11,0,0,0,196
BEYKOZ,OGUMCE,191735,1,3,18,49,0,0,0,0,0,0,0,20
BEYKOZ,ORNEKKOY,191721,1,5,38,120,0,0,0,0,0,0,1,69
BEYKOZ,PASABAHCE,40239,4,11,72,143,1,0,4,9,0,0,0,161
BEYKOZ,PASAMANDIRA,191737,2,6,26,71,0,0,0,1,0,0,0,39
BEYKOZ,POLONEZKOY,191717,2,6,32,77,0,0,0,0,0,0,0,27
BEYKOZ,POYRAZKOY,16634,1,4,16,43,0,0,0,0,0,0,0,0
BEYKOZ,RIVA,191707,0,3,37,134,0,0,0,0,1,0,0,37
BEYKOZ,RUZGARLIBAHCE,40248,4,20,86,248,1,1,6,15,0,0,0,166
BEYKOZ,SOGUKSU,40249,0,3,41,150,0,0,0,2,0,0,0,94
BEYKOZ,TOKATKOY,40255,7,23,137,339,3,2,9,19,0,0,0,324
BEYKOZ,YALIKOY,40252,7,18,83,190,2,2,7,15,0,0,0,165
BEYKOZ,YAVUZ SELIM,40261,1,8,73,209,0,0,0,0,1,1,1,114
BEYKOZ,YENI MAHALLE,40245,13,55,290,679,3,1,15,43,1,0,1,656
BEYKOZ,ZERZAVATCI,191739,0,2,12,36,0,0,0,0,0,0,0,22
BEYLIKDUZU,ADNAN KAHVECI,40869,27,83,292,624,106,56,285,523,2,5,8,6195
BEYLIKDUZU,BARIS,40875,12,39,126,306,84,44,222,394,1,2,5,3284
BEYLIKDUZU,BUYUKSEHIR,40877,3,10,30,89,25,13,65,115,0,0,1,1076
BEYLIKDUZU,CUMHURIYET,40874,6,14,40,140,36,19,95,168,1,1,2,1051
BEYLIKDUZU,DEREAGZI,40870,66,203,594,619,24,10,80,159,4,7,14,1785
BEYLIKDUZU,GURPINAR,40867,39,126,397,450,37,20,104,191,2,2,5,2400
BEYLIKDUZU,KAVAKLI,40873,40,117,369,524,50,27,147,271,3,5,13,2914
BEYLIKDUZU,MARMARA,40893,25,80,241,343,56,28,152,271,3,3,7,2506
BEYLIKDUZU,SAHIL,40876,25,65,171,161,12,6,37,67,1,2,4,684
BEYLIKDUZU,YAKUPLU,40894,78,213,744,1075,97,53,269,496,4,5,13,4775
BEYOGLU,ARAP CAMI,40299,17,29,86,157,0,0,1,2,0,0,1,12
BEYOGLU,ASMALI MESCIT,40281,2,4,21,82,0,0,1,3,0,0,0,112
BEYOGLU,BEDRETTIN,40300,3,7,26,63,1,0,2,5,0,0,0,225
BEYOGLU,BEREKETZADE,40298,4,9,35,89,0,0,1,1,0,0,0,41
BEYOGLU,BOSTAN,40291,11,23,76,142,7,6,20,37,0,0,0,198
BEYOGLU,BULBUL,40292,4,14,64,172,1,1,4,9,0,0,0,138
BEYOGLU,CAMIIKEBIR,40301,28,46,126,195,14,9,34,62,0,1,1,182
BEYOGLU,CIHANGIR,40275,2,5,26,111,0,0,2,5,0,0,0,249
BEYOGLU,CATMA MESCIT,40283,2,6,25,67,1,1,3,5,0,0,0,169
BEYOGLU,CUKUR,40293,3,8,32,97,1,1,3,7,0,0,0,59
BEYOGLU,EMEKYEMEZ,40269,11,21,68,123,0,0,1,1,0,0,0,3
BEYOGLU,EVLIYA CELEBI,40282,1,2,8,27,0,0,1,1,0,0,0,46
BEYOGLU,FETIHTEPE,40262,8,26,148,387,6,5,19,41,0,0,0,75
BEYOGLU,FIRUZAGA,40276,3,9,39,128,1,1,4,8,0,0,0,82
BEYOGLU,GUMUSSUYU,40278,2,4,22,86,0,0,2,3,0,0,0,82
BEYOGLU,HACIAHMET,40280,16,38,133,292,10,8,28,54,0,0,0,239
BEYOGLU,HACIMIMI,40285,17,22,57,102,2,1,5,8,0,0,0,32
BEYOGLU,HALICIOGLU,40304,11,21,80,175,12,7,31,56,0,0,0,1821
BEYOGLU,HUSEYINAGA,40272,1,4,18,69,0,0,1,3,0,0,0,85
BEYOGLU,ISTIKLAL,40279,29,66,200,315,10,9,27,50,0,0,1,45
BEYOGLU,KADI MEHMET EFENDI,40267,7,13,53,137,7,4,19,35,0,0,0,61
BEYOGLU,KALYONCU KULLUGU,40270,4,10,40,107,2,2,6,12,0,0,0,78
BEYOGLU,KAMER HATUN,40271,1,5,19,60,1,1,2,4,0,0,0,39
BEYOGLU,KAPTANPASA,40264,10,28,146,352,12,7,32,64,0,0,1,477
BEYOGLU,KATIPMUSTAFA CELEBI,40274,1,4,20,85,0,0,1,3,0,0,0,24
BEYOGLU,KECECI PIRI,40302,18,39,164,361,10,7,29,55,1,1,1,118
BEYOGLU,KEMANKES KARAMUSTAFAPASA,40297,23,29,69,100,2,1,5,8,0,0,1,4
BEYOGLU,KILICALI PASA,40296,2,5,23,83,0,0,2,5,0,0,0,300
BEYOGLU,KOCATEPE,40277,3,9,40,132,1,1,2,5,0,0,0,177
BEYOGLU,KULAKSIZ,40266,12,21,74,148,12,8,32,58,0,0,0,637
BEYOGLU,KULOGLU,40288,2,5,24,94,0,0,2,4,0,0,0,102
BEYOGLU,KUCUK PIYALE,40268,16,29,97,179,11,8,29,53,0,0,1,199
BEYOGLU,MUEYYETZADE,40286,2,5,22,73,0,0,1,1,0,0,0,25
BEYOGLU,OMER AVNI,40294,4,7,29,91,1,0,5,9,0,0,0,91
BEYOGLU,ORNEKTEPE,40305,22,45,166,311,15,11,40,75,1,1,1,87
BEYOGLU,PIRIPASA,40303,26,55,208,406,21,14,57,106,0,1,1,455
BEYOGLU,PIYALEPASA,40263,9,26,168,490,9,6,26,54,1,0,1,185
BEYOGLU,PURTELAS HASAN EFENDI,40295,4,8,31,82,1,0,4,7,0,0,0,293
BEYOGLU,SURURI MEHMET EFENDI,40289,15,28,84,140,9,7,24,42,0,0,0,114
BEYOGLU,SUTLUCE,40306,22,39,123,226,21,13,55,98,0,1,1,992
BEYOGLU,SAHKULU,40284,2,5,23,84,0,0,1,2,0,0,0,207
BEYOGLU,SEHIT MUHTAR,40273,3,8,36,140,0,0,2,5,0,0,0,300
BEYOGLU,TOMTOM,40287,2,7,31,108,1,1,3,5,0,0,0,229
BEYOGLU,YAHYA KAHYA,40290,20,33,92,131,12,8,31,53,0,0,1,646
BEYOGLU,YENISEHIR,40265,5,14,60,159,3,2,9,17,0,0,0,560
BUYUKCEKMECE,19.May,40850,13,36,139,208,13,7,35,67,1,1,2,818
BUYUKCEKMECE,AHMEDIYE,40891,5,16,60,84,1,0,3,7,0,0,0,117
BUYUKCEKMECE,ALKENT 2000,40844,12,57,255,386,1,0,6,12,1,1,1,406
BUYUKCEKMECE,ATATURK,40845,24,75,293,410,28,14,76,145,1,1,2,1933
BUYUKCEKMECE,BAHCELIEVLER,40882,24,111,449,550,0,0,7,23,1,2,1,579
BUYUKCEKMECE,CELALIYE,40928,7,66,358,608,0,0,4,17,2,3,2,471
BUYUKCEKMECE,CUMHURIYET,40846,11,48,189,261,9,4,31,62,1,1,2,631
BUYUKCEKMECE,CAKMAKLI,99334,9,27,96,139,7,5,22,41,0,0,0,430
BUYUKCEKMECE,DIZDARIYE,40847,22,43,137,185,20,12,53,95,0,0,1,818
BUYUKCEKMECE,EKINOBA,40886,8,29,115,183,14,7,40,77,1,1,2,1061
BUYUKCEKMECE,FATIH,40848,29,80,306,422,31,16,88,166,1,1,3,1920
BUYUKCEKMECE,GUZELCE,40883,41,174,635,734,6,2,30,65,2,3,3,1076
BUYUKCEKMECE,HURRIYET,40889,28,92,375,535,22,14,68,139,1,2,4,1902
BUYUKCEKMECE,KAMILOBA,40929,6,56,313,541,0,0,1,7,2,3,3,549
BUYUKCEKMECE,KARAAGAC,40849,5,39,219,416,0,0,0,0,1,1,1,227
BUYUKCEKMECE,KUMBURGAZ,40884,20,81,328,444,3,1,17,39,1,2,2,801
BUYUKCEKMECE,MIMAR SINAN MERKEZ,40887,42,98,324,412,21,13,61,109,1,1,3,967
BUYUKCEKMECE,MIMAROBA,140376,10,35,143,265,22,12,63,117,1,1,2,1453
BUYUKCEKMECE,MURAT CESME,40888,15,61,246,351,15,7,49,98,1,2,4,1423
BUYUKCEKMECE,PINARTEPE,40868,22,85,326,465,25,11,75,148,2,3,4,1849
BUYUKCEKMECE,SINANOBA,140374,20,78,273,349,22,11,62,116,1,1,2,1681
BUYUKCEKMECE,TURKOBA,40892,23,115,521,740,3,2,17,55,2,1,6,1216
BUYUKCEKMECE,ULUS,40890,33,93,361,472,25,16,71,135,1,1,3,1732
BUYUKCEKMECE,YENIMAHALLE,40885,10,40,161,207,0,0,6,14,1,1,1,238
CATALCA,AKALAN,191781,1,4,18,52,0,0,0,1,0,0,0,11
CATALCA,ATATURK,40903,0,1,10,48,0,0,0,0,0,0,0,234
CATALCA,AYDINLAR,191783,0,1,9,39,0,0,0,0,0,0,0,249
CATALCA,BAHSAYIS,40902,0,3,15,37,0,0,0,0,0,0,0,5
CATALCA,BASAK,191821,0,0,5,19,0,0,0,0,0,0,0,186
CATALCA,BELGRAT,191823,0,0,5,20,0,0,0,0,0,0,0,19
CATALCA,CELEPKOY,191825,0,0,3,12,0,0,0,0,0,0,0,12
CATALCA,CAKIL,40899,10,47,218,397,0,0,2,4,1,1,2,8
CATALCA,CANAKCA,191785,1,7,46,142,0,0,0,1,0,0,0,47
CATALCA,CIFTLIKKOY,40917,0,2,17,67,0,0,0,0,0,0,0,63
CATALCA,DAGYENICE,191787,1,3,15,45,0,0,0,0,0,0,0,8
CATALCA,ELBASAN,191789,2,9,48,100,0,0,0,0,0,0,1,0
CATALCA,FATIH,40904,0,1,9,41,0,0,0,0,0,0,0,42
CATALCA,FERHATPASA,40897,8,40,225,550,3,1,15,38,1,1,2,3
CATALCA,GOKCEALI,191791,1,6,40,109,0,0,0,1,0,0,0,74
CATALCA,GUMUSPINAR,191793,0,1,8,31,0,0,0,0,0,0,0,3
CATALCA,HALLACLI,191795,3,8,37,98,0,0,0,1,0,0,1,48
CATALCA,HISARBEYLI,191827,0,0,3,13,0,0,0,0,0,0,0,50
CATALCA,IHSANIYE,191797,2,8,37,102,0,0,0,1,0,0,0,59
CATALCA,INCEGIZ,191799,1,7,42,108,0,0,0,0,0,1,0,72
CATALCA,IZZETTIN,40900,1,7,56,150,0,0,0,0,0,1,1,88
CATALCA,KABAKCA,191801,5,17,76,193,0,0,0,1,0,0,1,16
CATALCA,KALEICI,40898,9,42,213,436,1,1,6,15,1,1,2,232
CATALCA,KALFA,191803,0,1,11,39,0,0,0,0,0,0,0,16
CATALCA,KARACAKOY MERKEZ,40916,0,2,27,98,0,0,0,0,0,0,1,13
CATALCA,KARAMANDERE,191829,0,1,7,27,0,0,0,0,0,0,0,18
CATALCA,KESTANELIK,191805,1,6,41,118,0,0,1,1,0,0,0,12
CATALCA,KIZILCAALI,191807,0,1,8,26,0,0,0,0,0,0,0,33
CATALCA,MURATBEY MERKEZ,40905,1,13,80,157,0,0,0,1,0,1,1,6
CATALCA,NAKKAS,40909,2,8,39,100,0,0,0,0,0,0,0,50
CATALCA,OKLALI,191809,1,3,22,63,0,0,0,0,0,0,0,16
CATALCA,ORMANLI,191831,0,1,13,48,0,0,0,0,0,0,0,69
CATALCA,OVAYENICE,40901,11,39,159,261,0,0,1,2,1,1,1,1
CATALCA,ORCUNLU,191811,0,2,18,56,0,0,0,0,0,0,0,4
CATALCA,ORENCIK,191813,0,1,11,43,0,0,0,0,0,0,0,7
CATALCA,SUBASI,191815,2,8,47,130,0,0,0,0,0,0,0,88
CATALCA,YALIKOY,191833,0,1,12,54,0,0,0,0,0,0,0,40
CATALCA,YAYLACIK,191817,0,0,0,2,0,0,0,0,0,0,0,6
CATALCA,YAZLIK,191819,0,0,6,22,0,0,0,0,0,0,0,25
CEKMEKOY,ALEMDAG,40749,1,7,56,160,0,0,1,2,0,0,0,140
CEKMEKOY,AYDINLAR,40766,1,5,53,191,0,0,1,10,0,0,1,296
CEKMEKOY,CUMHURIYET,40769,1,4,39,139,0,0,2,7,0,0,0,296
CEKMEKOY,CAMLIK,40753,0,2,25,145,0,0,1,7,0,0,0,233
CEKMEKOY,CATALMESE,40750,1,8,63,193,0,0,1,4,0,0,0,184
CEKMEKOY,EKSIOGLU,40751,1,7,59,171,0,0,1,4,0,0,0,180
CEKMEKOY,GUNGOREN,40768,0,3,22,82,0,0,1,4,0,0,0,146
CEKMEKOY,HAMIDIYE,40754,1,4,46,224,0,0,2,12,1,2,2,118
CEKMEKOY,HUSEYINLI,191993,1,3,22,67,0,0,0,0,0,0,0,355
CEKMEKOY,KIRAZLIDERE,40770,0,2,21,87,0,0,1,4,0,0,0,22
CEKMEKOY,KOCULLU,191995,1,5,27,67,0,0,0,1,0,0,0,119
CEKMEKOY,MEHMET AKIF,40755,1,7,66,310,0,0,3,19,0,0,1,42
CEKMEKOY,MERKEZ,40756,1,13,113,364,0,0,0,8,0,0,1,455
CEKMEKOY,MIMAR SINAN,40757,1,7,70,251,0,0,2,12,0,0,0,459
CEKMEKOY,NISANTEPE,40752,0,4,48,143,0,0,0,0,0,0,0,399
CEKMEKOY,OMERLI,40758,3,14,107,281,1,0,0,2,2,2,2,142
CEKMEKOY,RESADIYE,191997,0,6,58,169,0,0,0,0,0,0,0,0
CEKMEKOY,SIRAPINAR,191999,1,3,25,70,0,0,0,0,0,0,0,121
CEKMEKOY,SOGUKPINAR,40767,0,3,28,95,0,0,0,3,0,0,0,60
CEKMEKOY,SULTANCIFTLIGI,40764,1,4,32,115,0,0,1,6,0,0,0,28
CEKMEKOY,TASDELEN,40765,0,2,18,68,0,0,1,4,0,0,0,127
ESENLER,BIRLIK,40348,17,41,228,567,23,13,63,124,0,0,1,233
ESENLER,CIFTE HAVUZLAR,40340,12,23,68,88,11,8,29,51,0,0,1,119
ESENLER,DAVUTPASA,40342,28,57,226,387,37,20,96,174,1,1,2,1713
ESENLER,FATIH,40350,41,84,394,837,72,39,190,353,1,1,2,3725
ESENLER,FEVZI CAKMAK,40345,32,62,263,544,62,34,162,295,0,1,1,2788
ESENLER,HAVAALANI,40354,15,40,224,588,20,11,55,111,0,0,1,1579
ESENLER,KAZIM KARABEKIR,40346,26,52,250,604,51,28,135,252,0,1,1,2463
ESENLER,KEMER,40352,31,64,270,519,42,23,111,205,1,1,2,1938
ESENLER,MENDERES,40347,35,64,266,576,70,39,184,334,0,0,1,2828
ESENLER,MIMAR SINAN,40341,23,43,162,293,36,20,94,168,0,0,1,1342
ESENLER,NAMIK KEMAL,40344,27,54,199,328,33,19,87,157,1,1,2,1680
ESENLER,NINE HATUN,40343,49,90,367,735,102,55,267,480,1,0,1,4062
ESENLER,ORUCREIS,40355,8,28,220,721,11,6,32,74,1,1,2,1249
ESENLER,TUNA,40351,32,74,365,775,47,26,125,238,0,0,1,2474
ESENLER,TURGUT REIS,40353,7,22,178,633,11,6,31,70,0,0,1,1206
ESENLER,YAVUZ SELIM,40349,8,15,59,107,10,5,26,47,0,0,0,348
ESENYURT,AKCABURGAZ,40880,9,44,232,457,8,4,27,62,1,2,4,1166
ESENYURT,AKEVLER,181498,2,6,27,62,6,3,16,33,0,0,1,383
ESENYURT,AKSEMSEDDIN,181504,11,34,131,194,12,7,33,63,0,0,1,644
ESENYURT,ARDICLI,40861,9,34,149,226,9,4,27,54,1,0,1,566
ESENYURT,ASIK VEYSEL,181518,5,10,47,174,13,7,36,67,0,0,1,629
ESENYURT,ATATURK,40881,12,45,192,306,12,6,34,70,1,1,2,1078
ESENYURT,BAGLARCESME,40855,20,62,291,550,38,21,103,201,1,1,2,2579
ESENYURT,BALIKYOLU,181510,19,70,306,509,29,16,81,162,1,1,1,2456
ESENYURT,BARBAROS HAYRETTIN PASA,181488,5,14,47,141,26,13,69,126,1,1,1,1126
ESENYURT,BATTALGAZI,181526,10,35,168,322,15,8,44,90,0,0,1,1295
ESENYURT,CUMHURIYET,40865,2,4,12,49,14,7,36,64,0,0,1,524
ESENYURT,CINAR,181514,14,45,224,448,26,14,72,145,0,0,1,2209
ESENYURT,ESENKENT,40862,5,18,96,197,8,3,21,42,0,0,1,637
ESENYURT,FATIH,40851,20,52,226,428,37,22,102,196,1,1,1,2269
ESENYURT,GOKEVLER,181490,2,6,22,55,12,5,33,60,0,0,1,325
ESENYURT,GUZELYURT,40895,9,24,114,241,19,9,53,102,1,1,2,1172
ESENYURT,HURRIYET,181482,17,59,248,424,28,16,82,163,1,1,2,2240
ESENYURT,INCIRTEPE,40852,23,67,279,471,38,21,105,200,1,1,1,2478
ESENYURT,INONU,40853,16,50,227,404,31,16,84,162,1,1,1,2201
ESENYURT,ISTIKLAL,40879,12,44,207,403,17,10,49,101,0,1,1,1349
ESENYURT,KOZA,181522,4,13,57,118,4,2,14,26,0,0,1,199
ESENYURT,MEHMET AKIF ERSOY,181494,7,23,114,251,23,12,65,129,0,1,1,1670
ESENYURT,MEHTERCESME,40854,16,49,237,491,42,23,120,240,1,1,2,2813
ESENYURT,MEVLANA,181492,4,9,29,93,22,12,60,107,0,1,1,723
ESENYURT,NAMIK KEMAL,40856,33,77,289,452,40,22,109,201,1,1,2,2307
ESENYURT,NECIP FAZIL KISAKUREK,181484,14,49,208,344,22,12,62,123,0,1,1,1687
ESENYURT,ORHAN GAZI,40863,6,22,103,193,6,3,18,36,1,1,1,698
ESENYURT,OSMANGAZI,181480,29,117,542,926,25,14,73,153,2,2,4,2628
ESENYURT,ORNEK,40857,16,53,246,429,22,12,61,122,0,0,1,1580
ESENYURT,PINAR,40864,24,73,341,649,47,27,130,255,1,1,2,3114
ESENYURT,PIRI REIS,181486,2,6,24,78,13,7,35,65,0,0,1,542
ESENYURT,SAADETDERE,40858,33,78,297,476,45,25,120,223,1,1,2,2280
ESENYURT,SELAHADDIN EYYUBI,181516,12,46,223,439,17,9,51,109,1,1,2,1765
ESENYURT,SULTANIYE,181508,11,31,145,285,22,12,61,118,0,0,1,1433
ESENYURT,SULEYMANIYE,181512,17,53,261,514,32,18,88,174,1,1,1,2401
ESENYURT,SEHITLER,181524,11,42,196,350,17,9,48,97,0,0,1,1443
ESENYURT,TALATPASA,40859,16,51,238,460,34,18,93,184,1,1,2,2156
ESENYURT,TURGUT OZAL,181502,19,48,190,329,34,19,93,174,1,1,2,2275
ESENYURT,UCEVLER,181496,13,40,196,413,30,16,82,163,0,0,1,2031
ESENYURT,YENIKENT,40860,16,46,217,411,27,15,73,142,0,0,1,1788
ESENYURT,YESILKENT,40866,13,41,185,354,36,20,101,199,1,1,3,1799
ESENYURT,YUNUS EMRE,181506,18,58,243,384,28,15,78,149,0,0,1,1948
ESENYURT,ZAFER,181500,7,20,85,172,17,9,47,89,1,1,2,804
EYUP,AGACLI,191741,1,4,20,52,0,0,0,0,0,0,0,23
EYUP,AKPINAR,191743,4,10,30,65,0,0,2,3,0,0,0,48
EYUP,AKSEMSETTIN,40358,4,18,107,402,3,2,14,38,0,1,1,768
EYUP,ALIBEYKOY,40359,19,49,203,397,9,6,26,52,0,1,1,620
EYUP,CIRCIR,40360,7,26,148,452,2,1,13,30,0,0,1,701
EYUP,CIFTALAN,191745,1,3,7,16,0,0,0,0,0,0,0,11
EYUP,DEFTERDAR,40361,29,59,207,289,15,10,37,70,0,1,1,515
EYUP,DUGMECILER,40362,14,37,183,340,14,9,39,77,0,0,1,1229
EYUP,EMNIYETTEPE,40363,10,25,108,240,5,3,15,30,0,0,1,436
EYUP,ESENTEPE,40364,10,30,137,341,5,4,17,37,0,0,1,822
EYUP,GOKTURK MERKEZ,40379,15,64,321,745,6,1,31,76,1,1,2,1564
EYUP,GUZELTEPE,40366,16,43,211,532,9,6,29,62,1,1,1,1175
EYUP,ISIKLAR,191747,1,5,22,57,0,0,0,0,0,0,0,24
EYUP,IHSANIYE,191749,0,2,6,14,0,0,0,0,0,0,0,9
EYUP,ISLAMBEY,40367,22,54,236,482,16,11,44,87,0,0,1,844
EYUP,KARADOLAP,40368,12,41,197,524,5,4,21,47,0,0,1,832
EYUP,MERKEZ,40365,26,53,187,322,15,11,43,79,1,1,1,891
EYUP,MIMAR SINAN,40369,5,21,101,197,1,1,5,10,0,0,1,209
EYUP,MITHATPASA,40370,11,40,180,338,2,2,8,18,1,1,1,324
EYUP,NISANCI,40371,24,66,297,492,18,13,50,98,1,1,1,1144
EYUP,ODAYERI,191751,0,2,11,27,0,0,0,0,0,0,0,10
EYUP,PIRINCCI,191753,3,13,65,165,0,0,1,6,0,0,0,112
EYUP,RAMI CUMA,40372,10,26,119,244,11,7,32,61,0,0,0,911
EYUP,RAMI YENI,40373,15,36,157,288,11,7,31,60,0,0,1,972
EYUP,SAKARYA,40374,6,22,101,265,3,2,11,23,0,0,0,349
EYUP,SILAHTARAGA,40375,5,17,90,240,3,2,9,20,0,0,0,342
EYUP,TOPCULAR,40376,26,62,260,366,9,5,26,50,1,1,2,455
EYUP,YESILPINAR,40378,4,13,83,345,6,3,21,46,0,0,1,727
FATIH,AKSARAY,99127,81,130,350,510,40,27,103,178,1,1,2,1136
FATIH,AKSEMSETTIN,99137,64,100,320,654,67,41,174,303,1,1,1,2010
FATIH,ALEMDAR,40307,10,21,78,161,0,0,2,3,0,1,0,33
FATIH,ALI KUSCU,99141,49,77,222,389,42,28,111,193,0,0,1,1255
FATIH,ATIKALI,99140,45,73,218,375,52,32,134,234,0,0,1,1747
FATIH,AYVANSARAY,99146,111,214,568,848,56,47,154,275,1,1,2,2164
FATIH,BALABANAGA,40308,7,12,37,68,0,0,1,2,0,0,0,10
FATIH,BALAT,99145,78,144,392,645,51,41,137,246,0,0,1,1618
FATIH,BEYAZIT,40309,19,32,94,135,0,0,1,2,1,0,1,8
FATIH,BINBIRDIREK,40310,12,22,69,100,3,2,7,13,0,0,1,110
FATIH,CANKURTARAN,40311,25,53,157,211,4,4,11,20,0,0,1,174
FATIH,CERRAHPASA,99128,50,76,209,293,41,25,106,182,0,1,1,1086
FATIH,CIBALI,99143,42,82,245,365,23,18,63,112,0,0,1,964
FATIH,DEMIRTAS,40312,18,30,79,105,1,1,3,6,0,0,1,35
FATIH,DERVIS ALI,40422,60,114,333,560,49,35,131,233,0,0,1,1856
FATIH,EMIN SINAN,40313,13,25,77,115,3,3,9,16,0,0,0,142
FATIH,HACI KADIN,40314,9,19,57,74,2,2,7,12,0,0,0,58
FATIH,HASEKI SULTAN,99129,47,72,208,350,45,27,117,201,0,0,1,1150
FATIH,HIRKA-I SERIF,99138,78,125,362,596,83,52,217,376,1,1,2,2714
FATIH,HOBYAR,40315,11,20,67,137,0,0,0,1,0,0,1,9
FATIH,HOCA GIYASETTIN,40316,12,25,72,91,3,2,8,14,0,0,0,106
FATIH,HOCAPASA,40317,13,24,75,146,0,0,0,1,0,0,1,18
FATIH,ISKENDERPASA,40397,41,70,226,487,33,21,88,154,0,1,1,1152
FATIH,KALENDERHANE,40319,4,9,28,43,1,1,4,7,0,0,0,50
FATIH,KARAGUMRUK,99139,42,70,204,310,41,27,108,187,0,1,1,1194
FATIH,KATIP KASIM,40320,29,48,128,181,7,5,18,31,0,0,1,249
FATIH,KEMALPASA,40318,9,17,60,149,1,1,4,7,0,0,0,36
FATIH,KOCA MUSTAFAPASA,40390,128,185,456,621,120,78,309,527,1,1,2,2981
FATIH,KUCUK AYASOFYA,40321,27,53,164,232,7,6,20,36,0,0,1,335
FATIH,MERCAN,40322,12,26,85,144,0,0,1,2,0,0,0,5
FATIH,MESIHPASA,40323,7,13,43,103,1,0,3,4,0,0,0,12
FATIH,MEVLANAKAPI,99134,80,124,330,457,84,54,218,375,1,1,1,2620
FATIH,MIMAR HAYRETTIN,40324,29,51,151,226,5,4,14,24,0,0,1,91
FATIH,MIMAR KEMALETTIN,40325,21,35,108,181,2,1,5,8,0,0,1,29
FATIH,MOLLA FENARI,40326,20,36,112,176,0,0,2,3,0,0,0,13
FATIH,MOLLA GURANI,99136,52,82,251,472,48,29,124,215,0,1,1,1405
FATIH,MOLLA HUSREV,40327,6,13,43,63,2,2,6,10,0,0,0,95
FATIH,MUHSINE HATUN,40328,19,33,99,153,6,4,16,28,0,0,0,276
FATIH,NISANCA,40329,29,51,155,250,12,8,31,55,0,0,1,539
FATIH,RUSTEMPASA,40330,6,12,38,63,0,0,0,0,0,0,0,2
FATIH,SARAC ISHAK,40331,13,23,70,107,3,2,9,15,0,0,0,126
FATIH,SARIDEMIR,40332,15,21,44,49,0,0,1,2,0,0,0,3
FATIH,SEYYID OMER,40387,77,119,341,572,91,54,236,407,1,1,2,2979
FATIH,SILIVRIKAPI,99132,53,83,237,371,66,39,171,294,0,1,1,2012
FATIH,SULTAN AHMET,40333,17,34,98,124,4,3,10,18,0,0,0,128
FATIH,SURURI,40334,10,19,61,101,0,0,0,1,0,0,0,4
FATIH,SULEYMANIYE,40335,9,20,68,112,1,1,3,6,0,0,0,76
FATIH,SUMBUL EFENDI,99131,56,87,229,310,63,40,164,281,0,1,1,2220
FATIH,SEHREMINI,99133,68,109,327,571,76,44,195,338,1,1,2,2320
FATIH,SEHSUVAR BEY,40336,23,41,124,187,6,5,16,28,0,0,1,234
FATIH,TAHTAKALE,40337,10,20,65,111,0,0,0,0,0,0,0,4
FATIH,TAYA HATUN,40338,12,23,69,106,0,0,1,1,0,0,0,13
FATIH,TOPKAPI,99135,61,94,242,338,46,31,120,206,1,1,1,1193
FATIH,YAVUZ SINAN,40339,9,17,48,59,2,1,5,8,0,0,0,46
FATIH,YAVUZ SULTAN SELIM,99144,54,104,308,531,39,30,107,191,0,0,1,1849
FATIH,YEDIKULE,99130,137,185,410,448,118,83,301,514,1,1,2,2588
FATIH,ZEYREK,99142,44,79,238,422,34,24,91,161,0,1,1,1502
GAZIOSMANPASA,BAGLARBASI,40454,8,24,142,423,10,6,29,60,0,0,1,918
GAZIOSMANPASA,BARBAROS HAYRETTIN PASA,40459,9,25,185,655,12,6,35,76,1,1,1,1180
GAZIOSMANPASA,FEVZI CAKMAK,40457,5,13,82,256,6,3,18,39,0,0,0,664
GAZIOSMANPASA,HURRIYET,40458,10,24,147,435,13,7,36,72,0,0,1,1004
GAZIOSMANPASA,KARADENIZ,40464,9,25,192,759,15,7,44,99,1,1,1,1571
GAZIOSMANPASA,KARAYOLLARI,40463,5,21,144,492,5,3,19,48,0,0,1,939
GAZIOSMANPASA,KARLITEPE,40451,4,16,90,251,4,3,13,27,0,0,0,620
GAZIOSMANPASA,KAZIM KARABEKIR,40461,4,13,95,438,7,3,21,49,0,0,1,791
GAZIOSMANPASA,MERKEZ,40455,18,46,249,622,15,9,42,84,1,1,1,1234
GAZIOSMANPASA,MEVLANA,40462,1,2,24,135,1,0,4,13,0,0,0,268
GAZIOSMANPASA,PAZARICI,40450,8,26,136,333,6,4,17,36,0,0,0,466
GAZIOSMANPASA,SARIGOL,40453,15,51,219,561,12,9,38,78,0,0,1,1114
GAZIOSMANPASA,SEMSIPASA,40456,4,11,87,307,6,4,18,38,0,0,0,580
GAZIOSMANPASA,YENI MAHALLE,40460,11,34,180,515,14,8,39,81,0,1,1,1304
GAZIOSMANPASA,YENIDOGAN,40452,7,29,127,308,5,4,16,35,0,0,0,348
GAZIOSMANPASA,YILDIZTABYA,40449,11,43,177,479,9,7,29,63,0,0,1,962
GUNGOREN,ABDURRAHMAN NAFIZ GURMAN,40504,22,40,122,207,67,37,174,299,0,1,2,2279
GUNGOREN,AKINCILAR,40497,21,35,150,307,54,29,139,248,0,0,1,1911
GUNGOREN,GENCOSMAN,40498,27,57,260,521,66,35,175,323,1,1,3,3121
GUNGOREN,GUNESTEPE,40499,40,75,348,719,102,55,267,487,1,1,3,4645
GUNGOREN,GUVEN,40500,24,39,144,282,63,33,161,282,0,1,1,1754
GUNGOREN,HAZNEDAR,40501,30,48,176,351,72,38,185,324,0,1,1,1997
GUNGOREN,MARESAL CAKMAK,40502,32,54,234,487,81,43,210,376,1,1,2,2906
GUNGOREN,MEHMET NESIH OZMEN,40506,34,64,214,341,41,26,109,190,1,1,3,1050
GUNGOREN,MERKEZ,40496,44,75,325,661,112,61,292,521,1,1,3,4534
GUNGOREN,SANAYI,40503,38,75,300,509,44,24,117,209,1,1,3,1389
GUNGOREN,TOZKOPARAN,40505,30,49,134,212,52,34,136,237,1,0,2,1892
KADIKOY,19.May,40528,3,8,42,204,5,2,18,38,0,1,1,482
KADIKOY,ACIBADEM,40509,9,20,113,367,12,6,38,73,1,0,1,953
KADIKOY,BOSTANCI,40523,8,20,96,345,11,4,35,67,1,1,1,814
KADIKOY,CADDEBOSTAN,40521,6,15,74,260,6,2,22,43,0,0,1,489
KADIKOY,CAFERAGA,40512,17,38,196,648,13,6,39,74,1,0,1,787
KADIKOY,DUMLUPINAR,40518,12,33,152,248,11,6,31,58,0,1,1,713
KADIKOY,EGITIM,40516,18,49,221,396,15,9,40,75,0,0,1,832
KADIKOY,ERENKOY,40524,5,12,53,232,8,3,26,49,0,0,1,581
KADIKOY,FENERBAHCE,40514,5,15,81,256,4,1,15,30,0,0,1,446
KADIKOY,FENERYOLU,40515,4,10,49,198,6,2,21,40,0,0,0,517
KADIKOY,FIKIRTEPE,40517,17,43,207,316,10,6,29,55,0,1,1,714
KADIKOY,GOZTEPE,40520,6,14,66,292,7,3,28,54,1,1,1,627
KADIKOY,HASANPASA,40510,18,40,182,405,16,10,46,87,0,0,1,800
KADIKOY,KOSUYOLU,40508,6,23,116,280,2,2,12,26,0,0,0,312
KADIKOY,KOZYATAGI,40529,3,8,39,208,5,2,20,40,0,0,1,483
KADIKOY,MERDIVENKOY,40519,17,42,191,434,17,9,49,96,1,1,1,1533
KADIKOY,OSMANAGA,40511,16,33,167,481,10,5,25,46,0,0,1,349
KADIKOY,RASIMPASA,40507,18,41,189,518,12,6,31,58,0,0,1,617
KADIKOY,SAHRAYICEDIT,40525,4,9,46,204,6,3,24,46,0,0,1,597
KADIKOY,SUADIYE,40522,5,12,68,265,5,2,19,37,1,0,1,454
KADIKOY,ZUHTUPASA,40513,11,20,78,160,9,4,24,43,0,1,1,485
KAGITHANE,CAGLAYAN,40535,6,19,137,462,5,3,19,43,0,0,1,717
KAGITHANE,CELIKTEPE,40536,4,11,95,393,4,1,13,30,0,0,0,480
KAGITHANE,EMNIYET EVLERI,40537,1,2,17,83,1,0,3,7,0,0,0,106
KAGITHANE,GULTEPE,40538,2,6,51,204,2,1,6,13,0,0,0,224
KAGITHANE,GURSEL,40539,8,22,137,430,6,3,22,47,0,0,1,774
KAGITHANE,HAMIDIYE,40541,3,12,63,252,3,2,16,37,1,1,1,835
KAGITHANE,HARMANTEPE,40540,3,10,86,311,2,1,8,20,0,0,0,328
KAGITHANE,HURRIYET,40542,4,14,87,313,4,2,11,25,0,0,0,394
KAGITHANE,MEHMET AKIF ERSOY,40544,10,25,112,243,8,6,23,44,0,0,1,908
KAGITHANE,MERKEZ,40543,11,31,162,459,9,6,29,61,1,1,1,722
KAGITHANE,NURTEPE,40545,9,25,123,326,8,5,26,52,0,1,1,865
KAGITHANE,ORTABAYIR,40546,3,8,67,276,3,1,10,22,0,0,0,342
KAGITHANE,SEYRANTEPE,40548,3,10,71,286,1,0,8,22,0,0,1,410
KAGITHANE,SULTAN SELIM,40547,3,9,74,356,3,1,12,28,0,0,1,442
KAGITHANE,SIRINTEPE,40549,2,8,55,229,3,1,8,19,0,0,0,349
KAGITHANE,TALATPASA,40550,12,32,178,529,12,6,32,68,1,1,1,1049
KAGITHANE,TELSIZLER,40551,2,5,41,173,2,1,6,14,0,0,0,180
KAGITHANE,YAHYA KEMAL,40552,6,21,125,304,7,4,19,39,0,0,1,607
KAGITHANE,YESILCE,40553,2,5,46,187,1,0,4,10,0,0,0,176
KARTAL,ATALAR,40554,8,19,131,438,12,5,33,68,1,1,1,985
KARTAL,CEVIZLI,40555,8,22,151,435,9,5,27,57,0,0,1,914
KARTAL,CUMHURIYET,40556,5,21,141,407,2,0,12,28,0,0,1,653
KARTAL,CAVUSOGLU,40558,12,33,170,373,7,3,20,40,0,0,1,678
KARTAL,ESENTEPE,40559,9,32,209,564,5,2,21,48,1,1,1,853
KARTAL,GUMUSPINAR,40560,6,22,133,366,7,3,22,49,0,0,1,914
KARTAL,HURRIYET,40561,19,72,401,948,13,7,48,107,1,1,2,2088
KARTAL,KARLIKTEPE,40562,12,31,185,517,11,6,33,68,1,1,1,1217
KARTAL,KORDONBOYU,40563,10,24,105,254,10,5,29,55,0,0,2,560
KARTAL,ORHANTEPE,40564,22,62,309,618,18,8,57,114,1,1,3,1752
KARTAL,ORTA,40565,3,10,72,255,3,1,10,23,0,0,0,425
KARTAL,PETROL IS,40566,7,17,109,377,11,5,31,63,1,1,1,905
KARTAL,SOGANLIK YENI,40567,6,21,133,397,6,2,20,45,0,0,1,839
KARTAL,TOPSELVI,40568,10,29,167,325,8,4,22,44,0,0,1,702
KARTAL,UGUR MUMCU,40569,4,9,42,194,16,8,47,91,0,0,1,965
KARTAL,YAKACIK CARSI,40557,13,44,199,441,5,3,21,48,1,1,1,774
KARTAL,YAKACIK YENI,40570,9,32,152,314,7,4,24,50,0,0,1,920
KARTAL,YALI,40571,13,31,148,279,11,7,29,56,0,0,1,775
KARTAL,YUKARI,40572,6,15,73,188,6,3,16,31,0,0,0,363
KARTAL,YUNUS,40573,17,47,252,483,9,6,31,63,0,1,1,907
KUCUKCEKMECE,ATAKENT,40582,8,25,118,356,24,10,82,170,2,2,3,3055
KUCUKCEKMECE,ATATURK,40591,32,97,473,985,41,25,115,230,1,1,2,3108
KUCUKCEKMECE,BESYOL,40603,7,17,55,88,5,3,14,27,0,0,1,193
KUCUKCEKMECE,CENNET,40607,88,134,325,415,126,85,330,567,1,1,3,3933
KUCUKCEKMECE,CUMHURIYET,40601,109,209,626,803,148,89,392,696,2,2,5,6445
KUCUKCEKMECE,FATIH,40606,54,74,168,184,54,34,140,238,1,1,2,1489
KUCUKCEKMECE,FEVZI CAKMAK,40596,84,155,477,603,89,51,232,406,1,1,2,3312
KUCUKCEKMECE,GULTEPE,40589,52,116,391,591,68,39,182,332,1,1,3,3207
KUCUKCEKMECE,HALKALI MERKEZ,40590,57,163,709,1315,92,53,255,492,2,2,7,5838
KUCUKCEKMECE,INONU,40592,95,243,924,1399,143,83,385,711,2,2,6,7372
KUCUKCEKMECE,ISTASYON,40605,46,116,452,751,46,29,129,246,1,1,3,3350
KUCUKCEKMECE,KANARYA,40604,116,235,802,1210,144,91,384,696,1,1,4,7297
KUCUKCEKMECE,KARTALTEPE,40588,62,112,313,374,52,34,137,239,1,1,3,1752
KUCUKCEKMECE,KEMALPASA,40594,34,65,219,316,44,24,114,202,0,1,1,1655
KUCUKCEKMECE,MEHMET AKIF,40586,21,75,435,991,33,19,95,201,1,1,2,3390
KUCUKCEKMECE,SOGUTLU CESME,40587,82,181,645,892,89,51,236,424,1,1,3,3896
KUCUKCEKMECE,SULTAN MURAT,40595,42,85,262,329,47,28,125,222,0,1,1,1891
KUCUKCEKMECE,TEVFIKBEY,40593,87,171,533,722,103,63,272,482,1,2,4,4404
KUCUKCEKMECE,YARIMBURGAZ,40599,11,45,204,362,3,2,20,45,0,1,1,750
KUCUKCEKMECE,YENI MAHALLE,40600,67,118,327,437,71,49,190,336,1,1,3,2297
KUCUKCEKMECE,YESILOVA,40602,86,180,520,676,93,63,250,451,1,1,4,4140
MALTEPE,ALTAYCESME,40612,6,15,90,294,9,4,27,57,0,1,1,877
MALTEPE,ALTINTEPE,40613,10,22,126,403,18,9,47,93,1,0,1,1077
MALTEPE,AYDINEVLER,40617,4,16,86,265,2,1,12,31,0,0,1,573
MALTEPE,BAGLARBASI,40615,26,59,309,720,35,19,95,181,1,1,2,2227
MALTEPE,BASIBUYUK,40625,19,68,286,618,10,8,37,80,1,1,1,1184
MALTEPE,BUYUKBAKKALKOY,40624,3,15,86,189,0,0,1,5,0,0,1,80
MALTEPE,CEVIZLI,40614,27,69,343,710,30,15,85,162,1,1,2,2224
MALTEPE,CINAR,40608,4,10,67,218,6,3,19,41,0,0,1,602
MALTEPE,ESENKENT,40620,22,70,290,581,18,12,55,108,0,1,2,1406
MALTEPE,FEYZULLAH,40610,14,30,140,313,20,10,53,98,1,1,1,1170
MALTEPE,FINDIKLI,40619,4,14,130,561,4,2,22,57,0,0,1,1156
MALTEPE,GIRNE,40618,2,9,53,176,2,0,10,25,0,0,0,433
MALTEPE,GULENSU,40622,28,99,400,753,14,12,44,90,0,1,1,976
MALTEPE,GULSUYU,40621,20,67,316,595,12,9,37,76,1,1,1,947
MALTEPE,IDEALTEPE,40609,4,12,84,270,7,3,22,47,0,0,1,702
MALTEPE,KUCUKYALI MERKEZ,40611,6,15,100,315,9,4,27,57,0,0,1,816
MALTEPE,YALI,40616,25,57,212,320,20,11,55,102,1,1,2,1208
MALTEPE,ZUMRUTEVLER,40623,13,43,270,855,18,8,58,128,1,1,2,2444
PENDIK,AHMET YESEVI,40632,7,38,233,524,6,2,24,59,1,1,2,1282
PENDIK,BAHCELIEVLER,40628,7,23,130,306,6,3,19,38,0,0,1,609
PENDIK,BALLICA,191755,1,4,25,60,0,0,0,0,0,0,0,28
PENDIK,BATI,40633,8,23,122,309,8,4,25,50,0,0,1,737
PENDIK,CAMCESME,40649,7,23,161,487,8,4,26,57,0,0,1,1046
PENDIK,CAMLIK,40656,3,19,114,243,1,0,5,21,0,1,1,616
PENDIK,CINARDERE,40644,11,38,188,386,8,6,27,56,0,0,1,958
PENDIK,DOGU,40627,9,26,130,321,10,5,30,59,1,1,1,813
PENDIK,DUMLUPINAR,40626,17,58,286,611,11,8,38,82,1,1,1,1398
PENDIK,EMIRLI,191757,0,2,12,36,0,0,0,0,0,0,0,14
PENDIK,ERTUGRUL GAZI,40635,29,107,405,796,7,9,40,85,0,1,1,720
PENDIK,ESENLER,40638,3,15,111,366,2,1,12,31,0,0,1,782
PENDIK,ESENYALI,40643,5,14,65,277,7,3,19,37,0,0,1,357
PENDIK,FATIH,40647,6,25,163,415,6,3,19,43,0,0,1,905
PENDIK,FEVZI CAKMAK,40629,7,26,179,537,7,2,26,60,1,1,1,1133
PENDIK,GOCBEYLI,191759,1,6,45,118,0,0,0,0,0,0,0,50
PENDIK,GULLU BAGLAR,40640,4,21,131,316,1,0,11,26,0,0,1,552
PENDIK,GUZELYALI,40634,8,27,133,513,10,3,31,62,1,1,2,988
PENDIK,HARMANDERE,40636,5,16,60,118,4,2,13,27,0,0,0,441
PENDIK,KAVAKPINAR,40646,21,93,557,1271,19,8,65,145,1,1,3,2841
PENDIK,KAYNARCA,40631,12,37,235,734,14,6,46,99,1,1,2,1681
PENDIK,KURNA,191761,2,9,47,111,0,0,0,1,0,1,0,65
PENDIK,KURTDOGMUS,191763,0,1,10,35,0,0,0,0,0,0,0,10
PENDIK,KURTKOY,40654,3,15,109,334,0,0,8,26,0,0,1,743
PENDIK,ORHANGAZI,40650,8,33,217,557,9,4,26,59,1,0,1,1239
PENDIK,ORTA,40645,8,24,107,196,5,4,16,32,0,0,0,415
PENDIK,RAMAZANOGLU,40639,11,47,212,354,1,0,10,23,1,1,1,220
PENDIK,SANAYI,40651,6,28,133,219,3,2,9,19,1,0,1,215
PENDIK,SAPAN BAGLARI,40637,10,27,135,266,8,5,22,45,0,0,1,688
PENDIK,SULUNTEPE,40655,8,41,230,537,4,2,19,47,0,1,1,976
PENDIK,SEYHLI,40630,7,27,144,313,4,2,17,38,1,1,1,832
PENDIK,VELIBABA,40642,10,48,271,665,5,3,26,66,1,1,2,1391
PENDIK,YAYALAR,40641,5,21,112,256,1,0,10,24,0,0,1,496
PENDIK,YENI,40652,16,44,208,365,14,8,38,74,0,1,1,1129
PENDIK,YENISEHIR,40653,3,18,117,335,2,0,17,49,1,1,1,1526
PENDIK,YESILBAGLAR,40648,6,17,88,162,4,2,13,26,0,0,1,385
SANCAKTEPE,ABDURRAHMANGAZI,40579,5,29,183,515,3,1,13,35,1,1,2,931
SANCAKTEPE,AKPINAR,40575,14,57,268,534,11,7,36,78,1,1,2,1340
SANCAKTEPE,ATATURK,98781,1,6,69,285,0,0,2,12,0,0,0,359
SANCAKTEPE,EMEK,40759,4,22,144,394,3,1,14,36,0,1,1,844
SANCAKTEPE,EYUP SULTAN,40578,5,24,154,419,1,0,9,28,1,1,2,628
SANCAKTEPE,FATIH,40576,7,35,213,538,4,1,21,54,1,1,2,1257
SANCAKTEPE,HILAL,40776,1,7,54,148,0,0,2,6,0,0,0,157
SANCAKTEPE,INONU,40760,1,4,48,228,0,0,2,11,0,0,0,271
SANCAKTEPE,KEMAL TURKLER,40761,1,7,63,230,0,0,3,12,0,0,0,329
SANCAKTEPE,MECLIS,40762,1,6,64,286,1,0,4,15,0,1,1,393
SANCAKTEPE,MERVE,40775,2,12,96,285,0,0,3,15,0,0,1,457
SANCAKTEPE,MEVLANA,40773,2,14,93,265,1,1,6,18,0,0,1,434
SANCAKTEPE,OSMANGAZI,40580,19,84,416,861,11,6,46,111,1,1,3,2173
SANCAKTEPE,PASAKOY,192001,1,9,51,125,0,0,0,0,0,0,0,65
SANCAKTEPE,SAFA,40771,2,13,88,256,1,0,7,21,0,0,0,517
SANCAKTEPE,SARIGAZI,40763,4,17,114,322,3,1,12,30,0,0,1,704
SANCAKTEPE,VEYSEL KARANI,40574,10,47,250,504,8,5,26,58,1,1,1,1215
SANCAKTEPE,YENIDOGAN,40774,1,6,63,226,0,0,1,9,0,0,1,313
SANCAKTEPE,YUNUS EMRE,40772,3,17,108,312,1,1,9,25,0,0,1,580
SARIYER,AYAZAGA,40686,5,23,152,448,2,1,13,33,1,1,1,714
SARIYER,BAHCEKOY KEMER,40684,0,1,12,40,0,0,0,0,0,0,0,34
SARIYER,BAHCEKOY MERKEZ,40682,0,1,11,39,0,0,0,2,0,0,0,49
SARIYER,BAHCEKOY YENI,40683,0,1,13,47,0,0,0,1,0,0,0,62
SARIYER,BALTALIMANI,40657,3,12,74,187,0,0,3,8,0,0,0,125
SARIYER,BUYUKDERE,40658,7,22,123,298,2,1,7,17,0,0,0,295
SARIYER,CUMHURIYET,40659,2,10,66,200,0,0,3,10,0,0,0,176
SARIYER,CAMLITEPE,40660,1,4,27,97,0,0,1,5,0,0,0,83
SARIYER,CAYIRBASI,40661,12,27,98,166,5,3,15,28,0,0,0,286
SARIYER,DARUSSAFAKA,40662,1,3,15,48,0,0,1,3,0,0,0,140
SARIYER,DEMIRCIKOY,191765,1,3,31,92,0,0,0,0,0,0,0,34
SARIYER,EMIRGAN,40663,1,3,39,130,0,0,0,1,0,0,0,87
SARIYER,FATIH SULTAN MEHMET,40664,3,19,153,434,0,0,4,14,0,0,0,291
SARIYER,FERAHEVLER,40665,1,6,55,203,0,0,1,5,0,0,0,150
SARIYER,GARIPCE,191767,0,1,6,19,0,0,0,0,0,0,0,7
SARIYER,GUMUSDERE,191769,1,5,37,107,0,0,0,0,0,0,0,54
SARIYER,HUZUR,40700,1,4,26,94,0,0,1,3,0,0,1,124
SARIYER,ISTINYE,40666,11,30,141,284,8,5,23,44,0,1,1,592
SARIYER,KAZIM KARABEKIR PASA,40667,2,10,75,217,0,0,2,8,0,0,0,158
SARIYER,KISIRKAYA,191771,0,2,12,31,0,0,0,0,0,0,0,28
SARIYER,KIRECBURNU,40668,1,2,27,98,0,0,0,1,0,0,0,38
SARIYER,KOCATAS,40669,1,6,46,134,0,0,1,4,0,0,0,80
SARIYER,KUMKOY (KILYOS),191773,1,6,57,173,0,0,0,0,0,0,1,83
SARIYER,MADEN,40670,4,14,111,310,1,1,6,13,0,0,1,268
SARIYER,MASLAK,40704,1,6,45,124,1,1,6,15,0,1,1,26
SARIYER,PINAR,40672,2,9,59,192,1,1,4,10,0,0,0,195
SARIYER,POLIGON,40673,1,3,28,91,0,0,0,3,0,0,0,98
SARIYER,PTT EVLERI,40674,4,9,53,111,2,1,7,14,0,0,0,175
SARIYER,RESITPASA,40675,4,18,125,384,1,1,6,18,1,0,1,307
SARIYER,RUMELI HISARI,40676,3,11,77,223,0,0,3,8,0,0,0,195
SARIYER,RUMELI KAVAGI,40677,3,9,56,135,0,0,2,6,0,0,0,119
SARIYER,RUMELIFENERI,191775,1,3,28,89,0,0,0,0,0,0,0,42
SARIYER,SARIYER MERKEZ,40671,15,37,179,380,8,5,25,47,1,1,1,546
SARIYER,TARABYA,40678,0,4,51,205,0,0,0,1,0,0,1,145
SARIYER,USKUMRUKOY,191777,1,12,123,364,0,0,0,0,1,1,0,184
SARIYER,YENI,40679,5,11,60,136,2,1,5,11,0,0,0,145
SARIYER,YENIKOY,40680,2,10,92,287,0,0,2,8,0,0,1,250
SARIYER,ZEKERIYAKOY,191779,1,8,103,360,0,0,0,0,1,1,1,231
SILIVRI,AKOREN,191835,4,17,83,199,0,0,0,0,1,0,1,95
SILIVRI,ALIBEY,40920,8,28,134,330,7,4,24,53,1,1,1,1015
SILIVRI,ALIPASA,40927,8,31,127,221,0,0,1,3,1,1,1,117
SILIVRI,BALABAN,40930,32,118,468,686,0,0,4,9,1,1,2,488
SILIVRI,BEKIRLI,191845,3,7,24,49,0,0,0,1,0,0,0,28
SILIVRI,BEYCILER,191847,4,13,55,131,0,0,1,2,0,0,1,69
SILIVRI,BUYUK CAVUSLU,40941,9,26,101,239,0,0,3,6,0,1,1,145
SILIVRI,BUYUK KILICLI,16775,4,17,75,172,0,0,0,0,0,0,0,85
SILIVRI,BUYUK SINEKLI,16771,3,7,25,55,0,0,0,0,0,0,0,89
SILIVRI,CUMHURIYET,40922,34,126,490,678,6,3,22,49,1,2,1,704
SILIVRI,CAYIRDERE,191851,12,26,73,155,0,0,2,4,0,0,0,104
SILIVRI,CELTIK,191837,8,31,124,207,0,0,0,1,1,1,1,142
SILIVRI,DANAMANDIRA,191853,2,5,23,63,0,0,0,1,0,0,0,32
SILIVRI,FATIH,40918,9,28,104,215,6,4,17,36,0,0,0,454
SILIVRI,FENER,16765,13,45,168,316,0,0,2,4,1,1,1,195
SILIVRI,FEVZIPASA,40933,7,29,128,242,1,1,5,12,1,1,2,188
SILIVRI,GAZITEPE,40925,7,28,105,180,0,0,1,3,0,0,0,124
SILIVRI,GUMUSYAKA,40935,45,186,781,1146,1,0,14,34,2,2,5,946
SILIVRI,HURRIYET,40937,1,16,110,214,0,0,0,0,1,1,0,322
SILIVRI,ISMETPASA,40934,7,29,122,229,1,1,4,10,1,1,1,221
SILIVRI,KADIKOY,40939,12,38,128,224,1,1,4,9,0,0,0,170
SILIVRI,KAVAKLI,40936,2,18,119,226,0,0,0,1,1,1,0,153
SILIVRI,KURFALLI,191855,3,11,39,90,0,0,0,0,0,0,0,48
SILIVRI,KUCUK KILICLI,40924,2,7,28,54,0,0,0,0,0,0,0,30
SILIVRI,KUCUK SINEKLI,16779,1,3,8,18,0,0,0,0,0,0,0,11
SILIVRI,MIMAR SINAN,40923,37,139,559,822,9,3,33,72,1,2,4,1349
SILIVRI,ORTAKOY,40938,20,75,307,496,1,1,4,10,1,2,0,353
SILIVRI,PIRI MEHMET PASA,40919,11,30,124,278,6,4,19,40,0,1,1,584
SILIVRI,SANCAKTEPE,40931,23,85,341,526,1,0,7,15,1,1,2,453
SILIVRI,SAYALAR,191859,4,10,32,75,0,0,1,3,0,0,0,43
SILIVRI,SELIMPASA,40940,31,165,814,1319,5,2,23,64,3,5,5,1515
SILIVRI,SEMIZKUMLAR,40926,52,216,926,1347,3,0,9,20,1,2,3,1093
SILIVRI,SEYMEN,191841,5,19,82,180,0,0,0,0,0,0,0,88
SILIVRI,YENI,40921,17,64,274,518,10,3,46,104,1,2,3,1964
SILIVRI,YOLCATI,40932,4,14,54,97,0,0,0,0,0,0,0,64
SULTANBEYLI,ABDURRAHMANGAZI,40949,14,68,389,781,11,7,36,85,1,1,2,1763
SULTANBEYLI,ADIL,40943,2,12,96,265,0,0,5,19,0,0,1,578
SULTANBEYLI,AHMET YESEVI,40942,8,45,292,677,6,2,23,57,0,0,1,1305
SULTANBEYLI,AKSEMSETTIN,40956,4,29,182,377,2,1,11,30,0,0,1,631
SULTANBEYLI,BATTALGAZI,40944,9,58,368,789,4,2,23,63,1,1,2,1470
SULTANBEYLI,FATIH,40951,6,40,256,518,5,2,20,48,0,0,1,1112
SULTANBEYLI,HAMIDIYE,40952,12,67,379,702,10,6,36,83,1,1,2,1651
SULTANBEYLI,HASANPASA,40948,6,36,217,461,4,3,17,42,0,0,1,955
SULTANBEYLI,MECIDIYE,40945,7,42,260,568,4,3,17,46,0,1,2,1075
SULTANBEYLI,MEHMET AKIF,40950,12,60,362,743,10,5,34,78,1,1,2,1581
SULTANBEYLI,MIMAR SINAN,40946,3,26,178,436,0,0,5,24,1,1,2,626
SULTANBEYLI,NECIP FAZIL,40954,8,52,285,512,5,2,21,51,1,1,2,1082
SULTANBEYLI,ORHANGAZI,40955,7,41,223,410,6,3,22,51,1,1,1,918
SULTANBEYLI,TURGUT REIS,40947,3,23,168,417,1,0,10,29,0,0,1,742
SULTANBEYLI,YAVUZ SELIM,40953,8,49,294,569,5,2,20,50,0,1,1,1146
SULTANGAZI,50. YIL,40471,10,32,278,1045,14,7,45,105,1,1,2,1779
SULTANGAZI,75. YIL,40467,2,5,47,262,2,0,8,22,0,0,1,387
SULTANGAZI,CEBECI,40474,7,30,256,923,5,2,21,56,1,1,1,1347
SULTANGAZI,CUMHURIYET,40465,1,2,25,134,1,0,4,10,0,0,0,189
SULTANGAZI,ESENTEPE,40470,4,19,160,686,3,1,17,48,0,1,1,1114
SULTANGAZI,ESKI HABIPLER,40356,1,6,37,120,0,0,0,4,0,0,0,139
SULTANGAZI,GAZI,40469,6,24,121,404,6,4,20,46,0,0,1,793
SULTANGAZI,HABIBLER,40477,3,19,91,275,0,0,0,8,0,0,0,137
SULTANGAZI,ISMETPASA,40475,4,13,138,611,5,2,17,45,0,0,1,980
SULTANGAZI,MALKOCOGLU,40476,0,2,26,134,0,0,2,6,0,0,0,163
SULTANGAZI,SULTANCIFTLIGI,40472,3,10,104,454,4,1,14,35,0,0,1,641
SULTANGAZI,UGUR MUMCU,40473,8,25,206,713,11,5,33,76,1,1,1,1207
SULTANGAZI,YAYLA,40377,2,11,77,211,0,0,1,6,0,0,0,188
SULTANGAZI,YUNUS EMRE,40466,2,9,74,360,3,2,14,37,0,0,1,667
SULTANGAZI,ZUBEYDE HANIM,40468,8,38,164,552,3,3,21,52,0,0,1,793
SILE,AGACDERE,191927,0,1,5,13,0,0,0,0,0,0,0,6
SILE,AGVA MERKEZ,40961,1,4,39,117,0,0,0,0,0,1,1,40
SILE,AHMETLI,191861,2,6,38,110,0,0,0,0,1,1,1,41
SILE,AKCAKESE,191863,0,2,12,40,0,0,0,0,0,0,0,12
SILE,ALACALI,191947,0,1,15,53,0,0,0,0,0,0,0,13
SILE,AVCIKORU,191949,0,1,6,17,0,0,0,0,0,0,0,5
SILE,BALIBEY,40960,0,3,50,185,0,0,0,0,0,1,1,49
SILE,BICKIDERE,191951,1,3,14,33,0,0,0,1,0,0,0,16
SILE,BOZGOCA,16785,0,0,3,9,0,0,0,0,0,0,0,2
SILE,BUCAKLI,191897,0,1,10,33,0,0,0,0,0,0,0,10
SILE,CATAKLI,191899,1,1,7,18,0,0,0,0,0,0,0,9
SILE,CAVUS,40959,1,5,62,209,0,0,0,0,1,1,1,130
SILE,CAYIRBASI,191867,0,2,17,60,0,0,0,0,0,0,0,18
SILE,CELEBI,191901,0,0,4,15,0,0,0,0,0,0,0,4
SILE,CENGILLI,191929,0,2,7,19,0,0,0,0,0,0,0,9
SILE,DARLIK,191869,0,1,4,11,0,0,0,0,0,0,0,5
SILE,DEGIRMENCAYIRI,191931,1,6,26,63,0,0,0,0,0,0,0,30
SILE,DOGANCILI,191953,0,1,16,63,0,0,0,0,0,0,1,14
SILE,ERENLER,191871,0,0,2,5,0,0,0,0,0,0,0,2
SILE,ESENCELI,191955,0,1,3,8,0,0,0,0,0,0,0,4
SILE,GEREDELI,191903,1,4,24,72,0,0,0,0,0,0,0,28
SILE,GOCE,191905,1,2,13,40,0,0,0,0,0,0,0,16
SILE,GOKMASLI,16807,0,1,8,22,0,0,0,0,0,0,0,7
SILE,GOKSU,191909,1,3,12,32,0,0,0,0,0,0,0,14
SILE,HACI KASIM,40958,0,0,7,29,0,0,0,0,0,0,0,10
SILE,HACILLI,191911,0,2,8,20,0,0,0,0,0,0,0,10
SILE,HASANLI,191933,1,2,9,26,0,0,0,0,0,0,0,12
SILE,IMRENDERE,191873,0,2,15,48,0,0,0,0,0,0,0,10
SILE,IMRENLI,191875,0,2,14,49,0,0,0,0,0,0,0,10
SILE,ISAKOY,191913,1,1,10,20,0,0,0,0,0,0,0,11
SILE,KABAKOZ,191877,1,4,23,75,0,0,0,0,0,0,0,19
SILE,KADIKOY,191915,0,0,2,9,0,0,0,0,0,0,0,2
SILE,KALEM,191917,0,1,9,28,0,0,0,0,0,0,0,10
SILE,KARABEYLI,191879,0,1,6,18,0,0,0,0,0,0,0,7
SILE,KARACAKOY,191881,0,1,7,25,0,0,0,0,0,0,0,6
SILE,KARAKIRAZ,191957,0,1,7,23,0,0,0,0,0,0,0,5
SILE,KARAMANDERE,191883,0,1,6,18,0,0,0,0,0,0,0,8
SILE,KERVANSARAY,191959,0,1,7,19,0,0,0,0,0,0,0,7
SILE,KIZILCA,191885,1,3,16,49,0,0,0,0,0,0,0,16
SILE,KORUCU,191887,0,1,4,13,0,0,0,0,0,0,0,4
SILE,KOMURLUK,191961,0,0,2,9,0,0,0,0,0,0,0,2
SILE,KUMBABA,40957,1,5,52,154,0,0,0,0,1,1,1,56
SILE,KURFALLI,191919,0,1,9,30,0,0,0,0,0,0,0,7
SILE,KURNA,191963,0,0,5,21,0,0,0,0,0,0,0,4
SILE,MESRUTIYET,191889,0,1,12,40,0,0,0,0,0,0,0,11
SILE,ORUCOGLU,191965,1,3,16,36,0,0,0,0,0,0,0,19
SILE,OSMANKOY,191935,1,2,8,20,0,0,0,0,0,0,0,10
SILE,OVACIK,191891,0,1,4,12,0,0,0,0,0,0,0,4
SILE,SAHILKOY,191967,0,2,26,94,0,0,0,0,0,0,0,23
SILE,SATMAZLI,191893,1,2,10,30,0,0,0,0,0,0,0,11
SILE,SOFULAR,191969,0,0,5,19,0,0,0,0,0,0,0,5
SILE,SOGULLU,191921,1,2,9,23,0,0,0,0,0,0,0,10
SILE,SORTULLU,191937,0,1,3,8,0,0,0,0,0,0,0,5
SILE,SUAYIPLI,191923,0,0,7,25,0,0,0,0,0,0,0,6
SILE,TEKE,16816,1,3,16,41,0,0,0,0,0,0,0,20
SILE,ULUPELIT,191971,1,2,10,27,0,0,0,0,0,0,0,12
SILE,UVEZLI,191973,0,0,4,16,0,0,0,0,0,0,0,3
SILE,YAKA,191939,1,2,8,19,0,0,0,0,0,0,0,10
SILE,YAYLALI,191941,0,1,3,9,0,0,0,0,0,0,0,4
SILE,YAZIMANAYIR,191943,0,2,7,20,0,0,0,0,0,0,0,9
SILE,YENIKOY,191895,0,1,7,20,0,0,0,0,0,0,0,10
SILE,YESILVADI,191945,0,1,4,13,0,0,0,0,0,0,0,4
SISLI,19.May,40685,2,5,24,131,2,1,7,14,0,0,0,145
SISLI,BOZKURT,40687,3,7,37,187,2,1,6,13,0,0,0,174
SISLI,CUMHURIYET,40688,2,4,21,122,2,1,5,10,0,0,0,96
SISLI,DUATEPE,40689,2,4,22,118,1,1,5,9,0,0,0,115
SISLI,ERGENEKON,40690,1,5,23,98,1,1,3,6,0,0,0,48
SISLI,ESENTEPE,40691,2,7,33,145,0,0,3,10,1,0,1,116
SISLI,ESKISEHIR,40692,4,14,69,248,3,2,8,17,0,0,0,286
SISLI,FERIKOY,40693,3,7,37,182,3,2,8,17,0,0,0,229
SISLI,FULYA,40694,2,5,26,166,3,1,10,20,0,1,1,192
SISLI,GULBAHAR,40695,2,7,37,176,3,1,9,19,0,0,0,313
SISLI,HALASKARGAZI,40698,1,3,15,80,0,0,2,4,0,0,0,31
SISLI,HALIDE EDIP ADIVAR,40696,2,6,33,154,2,0,6,15,0,0,0,266
SISLI,HALIL RIFAT PASA,40697,1,5,22,80,1,0,3,7,0,0,0,101
SISLI,HARBIYE,40699,1,3,15,68,0,0,1,3,0,0,0,39
SISLI,INONU,40711,3,11,49,172,1,0,3,7,0,0,0,104
SISLI,IZZET PASA,40712,2,6,30,118,2,1,5,10,0,0,0,158
SISLI,KAPTANPASA,40701,0,1,5,20,0,0,1,2,0,0,0,54
SISLI,KUSTEPE,40702,5,22,104,343,4,3,13,29,0,0,0,397
SISLI,MAHMUT SEVKET PASA,40703,4,13,64,255,5,3,15,31,0,0,1,440
SISLI,MECIDIYEKOY,40705,3,8,42,206,4,1,11,24,0,0,0,286
SISLI,MERKEZ,40706,4,10,54,284,3,1,10,21,1,1,1,194
SISLI,MESRUTIYET,40707,7,13,58,263,4,2,10,18,0,0,0,188
SISLI,PASA,40708,5,21,93,325,4,2,12,27,0,0,1,410
SISLI,TESVIKIYE,40709,3,6,30,180,2,1,7,15,0,0,0,155
SISLI,YAYLA,40710,4,14,65,212,3,2,9,20,0,0,0,308
TUZLA,AKFIRAT,40725,1,11,65,117,0,0,0,2,0,0,0,142
TUZLA,ANADOLU,40730,0,4,23,48,0,0,0,1,0,0,0,43
TUZLA,AYDINLI,40720,41,176,821,1481,22,12,87,188,2,3,9,3467
TUZLA,AYDINTEPE,40717,11,38,191,458,12,6,34,72,1,1,2,1119
TUZLA,CAMI,40724,26,73,250,278,11,6,33,61,1,1,2,729
TUZLA,EVLIYA CELEBI,40718,19,65,255,395,9,4,27,56,1,1,3,931
TUZLA,FATIH,40731,1,5,32,72,0,0,0,0,0,0,0,43
TUZLA,ICMELER,40716,14,43,193,344,8,5,27,54,0,0,1,725
TUZLA,ISTASYON,40723,46,98,312,450,29,19,80,149,1,2,5,1930
TUZLA,MESCIT,40732,5,27,123,197,1,1,7,17,1,1,2,371
TUZLA,MIMAR SINAN,40721,77,199,586,717,57,43,159,293,1,2,5,3143
TUZLA,ORHANLI,40728,12,72,332,526,1,1,6,12,0,1,4,157
TUZLA,ORTA,40729,3,24,138,274,1,0,4,13,0,1,1,429
TUZLA,POSTANE,40719,56,183,737,1001,17,10,65,130,2,2,6,1878
TUZLA,SIFA,40722,103,238,673,733,81,50,218,392,2,2,6,4163
TUZLA,TEPEOREN,40726,8,49,287,595,0,0,2,4,1,1,0,332
TUZLA,YAYLA,40715,23,65,292,553,19,12,59,121,1,1,2,1815
UMRANIYE,ADEM YAVUZ,98684,5,24,137,356,2,1,12,28,0,0,1,599
UMRANIYE,ALTINSEHIR,98685,3,15,126,418,3,1,12,31,1,1,1,694
UMRANIYE,ARMAGANEVLER,98686,2,9,87,346,1,0,9,26,0,0,1,678
UMRANIYE,ASAGI DUDULLU,40742,5,26,151,337,2,1,11,26,0,0,1,497
UMRANIYE,ATAKENT,40748,1,6,57,197,0,0,4,14,0,0,0,412
UMRANIYE,ATATURK,40735,2,7,68,276,2,1,9,23,0,0,0,423
UMRANIYE,CEMIL MERIC,98688,14,56,284,644,7,7,24,57,1,1,1,1014
UMRANIYE,CAKMAK,40738,1,5,52,275,0,0,5,18,0,0,1,424
UMRANIYE,CAMLIK,98689,0,3,28,161,0,0,2,8,0,0,0,209
UMRANIYE,DUMLUPINAR,98690,5,29,163,434,0,0,9,23,0,0,1,460
UMRANIYE,ELMALIKENT,98691,3,20,141,383,0,0,8,24,0,0,1,599
UMRANIYE,ESENEVLER,98692,1,3,37,196,0,0,3,13,0,0,0,285
UMRANIYE,ESENKENT,98709,3,21,163,462,0,0,4,18,1,1,2,580
UMRANIYE,ESENSEHIR,40747,5,24,163,414,4,1,13,31,1,1,1,692
UMRANIYE,FATIH SULTAN MEHMET,98693,0,2,15,54,0,0,1,3,0,0,0,73
UMRANIYE,HEKIMBASI,40744,3,18,107,286,0,0,3,12,0,0,0,201
UMRANIYE,HUZUR,98694,2,14,108,264,0,0,5,15,0,0,1,356
UMRANIYE,IHLAMURKUYU,40745,6,26,147,373,3,2,13,31,0,1,1,635
UMRANIYE,INKILAP,40737,4,22,175,481,1,0,8,26,1,1,1,776
UMRANIYE,ISTIKLAL,40739,2,7,69,335,1,0,7,24,0,0,1,589
UMRANIYE,KAZIM KARABEKIR,40743,5,25,179,459,2,0,9,25,0,0,1,580
UMRANIYE,MADENLER,98695,1,7,57,187,0,0,3,12,0,0,1,305
UMRANIYE,MEHMET AKIF,98696,0,2,19,110,0,0,2,8,0,0,0,226
UMRANIYE,NAMIK KEMAL,40736,2,7,68,283,1,0,8,20,0,0,0,434
UMRANIYE,NECIP FAZIL,98699,9,43,238,532,8,2,24,55,1,1,1,1235
UMRANIYE,PARSELLER,98700,3,18,124,301,1,0,8,22,0,0,1,584
UMRANIYE,SARAY,98701,1,3,24,73,0,0,0,1,0,0,0,24
UMRANIYE,SITE,98702,4,17,101,297,2,1,9,26,0,1,1,656
UMRANIYE,SERIFALI,98703,1,5,48,179,0,0,1,4,0,0,1,133
UMRANIYE,TANTAVI,98704,1,3,24,83,0,0,2,6,0,0,0,182
UMRANIYE,TATLISU,98705,0,3,24,110,0,0,1,7,0,0,0,223
UMRANIYE,TEPEUSTU,98706,1,6,50,181,1,0,4,12,0,0,0,262
UMRANIYE,TOPAGACI,98707,5,32,186,501,0,0,7,23,0,1,1,515
UMRANIYE,YAMANEVLER,98708,1,5,47,185,0,0,4,13,0,0,0,251
UMRANIYE,YUKARI DUDULLU,40741,4,21,159,483,1,0,6,19,1,1,1,539
USKUDAR,ACIBADEM,40778,2,6,38,185,2,1,13,28,0,0,1,385
USKUDAR,AHMEDIYE,98664,3,7,46,164,3,1,9,18,0,0,0,312
USKUDAR,ALTUNIZADE,40781,2,8,52,197,1,0,6,16,0,0,1,895
USKUDAR,AZIZ MAHMUT HUDAYI,98665,7,16,93,240,4,2,13,25,0,0,0,171
USKUDAR,BAHCELIEVLER,40785,6,29,154,419,2,1,11,30,0,0,1,395
USKUDAR,BARBAROS,40786,2,7,44,152,2,1,8,19,0,0,0,478
USKUDAR,BEYLERBEYI,40787,4,14,98,218,0,0,4,13,0,0,0,330
USKUDAR,BULGURLU,40788,1,5,51,253,1,0,6,18,0,0,0,627
USKUDAR,BURHANIYE,40789,4,17,132,364,1,0,10,24,0,0,1,605
USKUDAR,CUMHURIYET,40790,3,8,84,386,2,1,11,28,0,1,1,693
USKUDAR,CENGELKOY,98666,7,24,171,402,2,1,11,27,1,0,1,320
USKUDAR,FERAH,40794,6,23,149,358,5,3,19,42,1,0,1,332
USKUDAR,GUZELTEPE,40797,3,12,106,283,1,0,6,17,0,0,0,168
USKUDAR,ICADIYE,40802,6,17,106,341,5,1,15,31,0,0,0,782
USKUDAR,KANDILLI,40806,1,6,47,113,0,0,0,1,0,0,0,159
USKUDAR,KISIKLI,40809,4,17,128,373,2,1,10,27,1,1,1,471
USKUDAR,KIRAZLITEPE,40808,6,24,158,351,3,2,14,31,0,0,0,120
USKUDAR,KULELI,40810,1,6,37,93,0,0,0,4,0,0,0,172
USKUDAR,KUZGUNCUK,40811,4,16,109,264,1,0,5,11,0,0,0,268
USKUDAR,KUCUKCAMLICA,98667,5,24,157,364,0,0,7,25,1,1,1,466
USKUDAR,KUCUKSU,40812,3,13,100,276,1,0,4,18,0,0,1,358
USKUDAR,KUPLUCE,40813,5,17,142,357,2,1,11,26,0,0,1,228
USKUDAR,MEHMET AKIF ERSOY,40814,5,22,168,416,3,1,13,32,0,0,1,308
USKUDAR,MIMAR SINAN,98668,12,27,131,342,11,6,29,58,0,0,1,722
USKUDAR,MURATREIS,40815,4,11,67,259,6,3,16,32,0,0,0,420
USKUDAR,SALACAK,40804,4,8,56,199,3,2,9,20,0,0,0,908
USKUDAR,SELAMI ALI,40819,3,9,53,203,4,2,12,25,0,0,0,295
USKUDAR,SELIMIYE,40820,6,16,76,208,3,1,8,16,0,1,0,326
USKUDAR,SULTANTEPE,98669,7,15,78,222,6,3,18,35,0,0,0,888
USKUDAR,UNALAN,40827,8,24,173,507,7,3,23,51,1,1,1,915
USKUDAR,VALIDE-I ATIK,40828,5,13,82,316,7,3,19,39,0,0,0,942
USKUDAR,YAVUZTURK,40830,5,27,220,612,2,1,15,42,1,1,1,387
USKUDAR,ZEYNEP KAMIL,98670,2,5,35,173,3,1,10,20,0,0,0,241
ZEYTINBURNU,BESTELSIZ,40838,43,89,354,622,56,31,147,268,0,1,2,2291
ZEYTINBURNU,CIRPICI,40837,49,98,357,572,77,43,202,360,1,1,2,2760
ZEYTINBURNU,GOKALP,40834,31,62,253,456,45,24,118,215,0,1,2,1111
ZEYTINBURNU,KAZLICESME,40840,25,44,126,182,13,8,36,68,0,1,3,346
ZEYTINBURNU,MALTEPE,40843,62,125,378,513,15,8,44,81,1,1,4,181
ZEYTINBURNU,MERKEZEFENDI,40842,29,60,216,369,39,24,105,193,1,1,2,2617
ZEYTINBURNU,NURIPASA,40832,39,77,308,529,66,37,173,314,1,1,2,3220
ZEYTINBURNU,SEYITNIZAM,40841,37,92,363,592,51,28,134,246,1,1,3,2363
ZEYTINBURNU,SUMER,40831,41,80,319,561,87,47,229,414,1,1,3,5682
ZEYTINBURNU,TELSIZ,40839,72,133,470,801,84,48,223,400,1,1,3,1094
ZEYTINBURNU,VELIEFENDI,40836,39,80,309,530,66,38,175,317,1,1,2,3400
ZEYTINBURNU,YENIDOGAN,40833,17,33,135,234,24,13,63,114,0,0,1,1715
ZEYTINBURNU,YESILTEPE,40835,26,52,211,374,45,25,118,216,0,0,1,4250
